,Name,result
1,Bautista LLC,1
2,Hudson-Romero,1
3,Hernandez-Pacheco,1
4,Scott-Harmon,1
5,"Lane, Evans and Hill",1
6,Nichols-Williams,1
7,Choi-Saunders,1
8,Lopez Group,1
9,Mcmillan and Sons,1
10,Butler-Nguyen,1
11,Harvey LLC,1
12,"Franklin, Browning and Carpenter",1
13,Acosta-Lewis,1
14,Torres LLC,1
15,"Johnson, Davis and Holland",1
16,Cline PLC,1
17,Mack-Phillips,1
18,Ellis Inc,1
19,Lee Group,1
20,Reed Group,0
21,Nelson-Lara,1
22,Thornton Inc,1
23,Smith Group,1
24,"Brooks, Williams and Simpson",1
25,"Jacobs, Jackson and Fisher",1
26,"Gordon, Ray and Grant",1
27,"Williams, Hunt and Robertson",1
28,Robinson Inc,1
29,"Leonard, Ward and Madden",1
30,Harris LLC,1
31,"Mcgee, Galvan and Mccormick",1
32,Walsh and Sons,1
33,Alvarez Ltd,1
34,"Morse, Martinez and Chapman",1
35,Brady Group,1
36,White-Wade,1
37,Sullivan Group,1
38,"Merritt, Mccoy and Williams",1
39,Wang-Johnson,1
40,Scott-Miller,1
41,Vasquez Group,1
42,"Castro, Knox and Murray",1
43,Santiago Inc,1
44,Christian and Sons,1
45,"Whitehead, Garza and Reynolds",1
46,"Brady, Bailey and Jordan",1
47,"Smith, Howell and Jones",1
48,"Hurley, Ellis and Hanna",1
49,Jones-Alexander,1
50,"Mitchell, Kim and Bradford",1
51,Sampson Group,1
52,"Irwin, Hill and Garrett",1
53,Blair Group,1
54,"Navarro, Gallagher and Phillips",1
55,"Ashley, Farley and Willis",1
56,Banks LLC,1
57,"Weiss, Mcneil and Brown",1
58,Hubbard-Reynolds,1
59,Wilson and Sons,1
60,"King, Travis and Knapp",1
61,Burnett PLC,1
62,Whitaker-Garcia,1
63,"Smith, Phillips and Joseph",1
64,Rose-Johnston,1
65,"Smith, Miles and Harris",1
66,"Combs, Potter and Gonzalez",1
67,Martinez and Sons,1
68,White Ltd,1
69,"Atkinson, Goodwin and Morgan",1
70,"Wallace, Hansen and Jackson",1
71,Lucas-Mcdonald,1
72,"Moore, Jones and Vincent",1
73,"Rocha, Moore and Castro",1
74,Davis-Fernandez,1
75,Rivas PLC,1
76,"Lawson, Griffin and Cooper",1
77,"Hughes, Mercer and Gonzalez",1
78,Richardson Group,1
79,Warner Ltd,1
80,"Wilson, Horne and Blake",1
81,"Warren, Carlson and Obrien",1
82,"Wilkinson, Bridges and Reynolds",1
83,Castillo-Gibson,1
84,Sparks and Sons,1
85,Diaz-White,1
86,"Hicks, Mcdonald and Powell",1
87,Pearson-Mosley,1
88,"Miller, Berg and Day",1
89,Velasquez-Huber,1
90,"Gomez, Chang and Chen",1
91,Walls Inc,1
92,Rodriguez and Sons,1
93,White-Nelson,1
94,"Ward, Roth and Hart",1
95,"Stewart, Acosta and Richmond",1
96,Brown-Cannon,1
97,Morris-Choi,1
98,"Bradley, Smith and Keller",1
99,Galvan-Bright,1
100,Rogers Inc,1
101,Russell-Chen,1
102,West Ltd,1
103,Cruz and Sons,1
104,"Ho, James and Smith",1
105,Davenport LLC,1
106,Allen PLC,1
107,Miller and Sons,1
108,"Brown, Le and Mills",1
109,"Deleon, Sanchez and James",1
110,Evans-Curtis,1
111,Morrison Ltd,1
112,Meza LLC,1
113,"Fernandez, Shaffer and Jones",1
114,"Short, Pena and Harper",1
115,White LLC,1
116,"Nguyen, Sims and Mitchell",1
117,Lindsey Group,1
118,"Vargas, Beard and Smith",1
119,"Butler, Perez and Andrews",1
120,Jordan Ltd,1
121,Dyer LLC,1
122,Miller-Watts,1
123,"Young, Beck and Johnson",1
124,Bush PLC,1
125,"Branch, Long and Shaw",1
126,Perez Inc,1
127,Smith Inc,1
128,Hancock-Robertson,1
129,Lynch-Santiago,1
130,"Le, Williams and Tran",1
131,Anderson-Hayes,1
132,Beasley Group,1
133,Walters-Wheeler,1
134,Rowe PLC,1
135,Black-Ryan,1
136,"Coleman, Burns and Johnston",1
137,Clark Ltd,1
138,Dominguez-Mendoza,1
139,Flores-Lowery,1
140,Walker-Reeves,1
141,Frederick Group,1
142,Gregory-Baker,1
143,"Reese, Sanchez and Barron",1
144,"Carter, Hall and Graham",1
145,"Bailey, Gibbs and Lopez",1
146,Arnold-Navarro,1
147,Blackburn and Sons,1
148,Johnson-Wallace,1
149,"Jones, York and Anderson",1
150,Schmidt-Humphrey,1
151,Elliott-White,1
152,Young-Luna,1
153,"Francis, Mcdonald and Robles",1
154,"Hernandez, Campbell and Chambers",1
155,Gonzalez LLC,1
156,Curtis-White,1
157,Hurst Group,1
158,Archer-Gutierrez,1
159,Gray Ltd,1
160,Woods Group,1
161,Martin Ltd,1
162,Gill-Adkins,1
163,Mills-Valenzuela,1
164,Baker-Miller,1
165,George-Villa,1
166,Fowler-Martinez,1
167,Martinez Inc,1
168,Allen-Mccann,1
169,Chung-Anderson,1
170,Klein and Sons,1
171,Lucas Inc,1
172,Ramirez Ltd,1
173,Davis-Richards,1
174,Smith LLC,1
175,Warren Group,1
176,Benson PLC,1
177,Young and Sons,1
178,"Ellis, Lopez and Shaw",1
179,Austin LLC,1
180,Green-Miller,0
181,Garza-Cox,1
182,Salazar-Kline,1
183,"Miller, Brown and Johnson",1
184,Alvarado LLC,1
185,Brown Ltd,1
186,"Smith, Beasley and Goodwin",1
187,"Wolf, Edwards and Taylor",1
188,George Inc,1
189,Martinez Ltd,1
190,"Morris, Davis and Chandler",1
191,Smith Group,1
192,"Turner, Perez and Rogers",1
193,Bennett Inc,1
194,Shah and Sons,1
195,Johnson Ltd,1
196,Mullen LLC,1
197,"Wise, King and Ewing",1
198,Cordova LLC,1
199,Goodwin and Sons,1
200,Landry-Tucker,1
201,Meza-Howard,1
202,"Crawford, Young and Gibson",1
203,Soto-Foster,1
204,Taylor-Henson,1
205,Fisher-Grant,1
206,"Smith, Lopez and Mitchell",1
207,Miranda and Sons,1
208,Guzman Inc,1
209,Washington LLC,1
210,"Smith, Woods and Sanders",1
211,Turner Ltd,1
212,Jacobs-Hall,1
213,Hayes Inc,1
214,"Brown, Roberts and Ferguson",1
215,Cross-Brandt,1
216,"Oneal, Frey and Stewart",1
217,Clark-Wang,1
218,Fox Group,1
219,Murphy and Sons,1
220,Watson-Fields,1
221,"Smith, Burton and Estrada",1
222,"Lopez, Gutierrez and Gonzalez",1
223,Wilkinson-Cordova,1
224,"Coleman, Nguyen and Mccann",0
225,Collins Inc,1
226,"Barnett, Holt and Thomas",1
227,King-Boone,1
228,Costa Group,1
229,Mercer-Cook,1
230,"Scott, Turner and Estrada",1
231,"Ibarra, Taylor and Lee",1
232,Nichols-King,0
233,Russell-Todd,1
234,Lee-Black,1
235,Fuller-Villarreal,1
236,"Chang, Wyatt and Lowe",1
237,Owen-Ferguson,1
238,"Thompson, Wolfe and Davis",1
239,Smith-Carter,1
240,Cook Ltd,1
241,Cruz-Martin,1
242,Wagner-Alvarez,1
243,Combs PLC,1
244,Fox PLC,1
245,Ramirez Inc,1
246,Hamilton Ltd,1
247,"Buckley, Meadows and Jones",1
248,Mora-Smith,1
249,Martin-Sawyer,1
250,Williams Group,1
251,"Johnson, Martin and Fowler",1
252,Carr LLC,1
253,Meyer-Rush,1
254,"Savage, Thompson and George",1
255,Washington PLC,1
256,Horne-Bruce,1
257,Hurley Ltd,1
258,Wilson LLC,1
259,Goodman Ltd,1
260,Villarreal PLC,1
261,"Strickland, Willis and Moore",1
262,Acosta-Serrano,1
263,Trevino-Rivers,1
264,"Thomas, Vaughn and Matthews",1
265,Ortega-Chambers,1
266,Williams Group,1
267,Thomas PLC,1
268,Brown Ltd,1
269,King-Santiago,1
270,Elliott-Martin,1
271,Chung Group,1
272,"Yoder, King and Hogan",1
273,Kelly-Bailey,1
274,Lawrence-Jones,1
275,Allison-Schultz,1
276,"Wright, Rasmussen and Freeman",1
277,"Reed, Moses and Day",1
278,"Gray, Ellis and Williams",1
279,Hayes Ltd,1
280,Anderson Inc,1
281,Stewart-Nelson,1
282,"Burke, Rasmussen and Boone",1
283,Tucker Inc,1
284,Cannon Inc,1
285,Burke and Sons,1
286,Ferguson LLC,1
287,Whitehead-Cook,1
288,Bryant Inc,1
289,Morgan PLC,1
290,Barton-Rangel,1
291,"Valentine, Lowe and Adkins",1
292,French-Gordon,1
293,"Floyd, Richard and Good",1
294,Rice Inc,1
295,Fitzgerald-Armstrong,1
296,Arias Ltd,1
297,"Campos, Walker and Moore",1
298,Davis PLC,1
299,Young Group,1
300,"Rodriguez, Huynh and Allison",1
301,Beard-Wu,1
302,"Stevens, Powell and Webb",1
303,"Jackson, Flores and Boyd",1
304,Mitchell Ltd,1
305,Walsh Group,1
306,"Villa, Anderson and Massey",1
307,Ross-Hogan,1
308,Reyes LLC,1
309,"Wright, Hardy and Allen",1
310,Rose-Mercer,1
311,Hamilton-Zavala,1
312,David PLC,1
313,Ramirez Group,1
314,"Patel, Nelson and Weaver",1
315,"Harrison, Sexton and White",1
316,"Flowers, Peters and Hill",1
317,Grimes and Sons,1
318,Curry-Evans,1
319,Stephens-Anderson,1
320,Gilbert-Wiley,1
321,Roberts-Tate,1
322,Graham PLC,1
323,Miller Inc,1
324,Smith Ltd,1
325,Brown Group,1
326,Yoder-Sanchez,1
327,James-Robinson,1
328,"Vincent, Davenport and Vance",1
329,Molina-Bryant,1
330,"Mcintosh, Allen and Myers",1
331,Benjamin LLC,1
332,Perez LLC,1
333,Henry PLC,1
334,Alvarez LLC,1
335,Brown Ltd,1
336,Valdez Inc,1
337,Golden-Miller,1
338,Ramirez Ltd,1
339,Holt and Sons,1
340,Johnson-Walters,1
341,"Henderson, Graham and Williamson",1
342,Sanchez-Best,1
343,"White, Paul and Bell",1
344,Mccormick-Hansen,1
345,"Perez, Patel and Oliver",1
346,Fry-Johnson,1
347,Johnston Ltd,1
348,Smith-Garcia,1
349,Lee Inc,1
350,Adams-Bennett,1
351,Boyd Ltd,1
352,"Johnson, Perez and Mccall",1
353,Rivers-Patrick,1
354,Evans PLC,1
355,Jimenez and Sons,1
356,"Ramirez, Reid and Martin",1
357,"Flowers, Lambert and Lee",1
358,Allison Ltd,1
359,"Decker, Christensen and Harvey",1
360,Morales Group,1
361,Villanueva-Wilson,1
362,Thomas LLC,1
363,Kemp Group,1
364,Pierce LLC,1
365,Potts and Sons,1
366,"Parker, Boone and Fletcher",1
367,Stewart-Fernandez,1
368,"Bennett, Barrett and Holmes",1
369,Rasmussen-Kennedy,1
370,White-Flores,1
371,Wells and Sons,1
372,"Morris, Krause and Compton",1
373,Barrett-Snyder,1
374,"Johnson, Jimenez and Wright",1
375,Morgan LLC,1
376,Cruz-Torres,0
377,Boyd-Green,1
378,Johnson Group,1
379,Nelson PLC,1
380,Velasquez-Lopez,1
381,Allen-Merritt,1
382,Brown Group,1
383,"Andrews, Gordon and Collins",1
384,"Martinez, Lopez and Payne",1
385,"Richardson, Alvarado and Mendoza",1
386,Garza Inc,1
387,Lopez-Nelson,1
388,Rhodes and Sons,1
389,Norris and Sons,1
390,Gilmore and Sons,1
391,Kelly-Jenkins,1
392,"Wells, Brown and Myers",1
393,"Smith, Burnett and Frazier",1
394,"Jordan, Williams and Gonzales",1
395,Cuevas-Benton,1
396,"Ortiz, Cochran and Bush",1
397,Jones Group,1
398,Willis Ltd,1
399,"Goodwin, Davis and Nelson",1
400,Nelson and Sons,1
401,"Gross, Rogers and Roberts",1
402,"Walker, Baird and Lopez",1
403,Thompson and Sons,1
404,"Carroll, Wolf and Martin",1
405,Greene-Moore,1
406,Rowland Inc,1
407,Ware-Wilson,1
408,Harding-Carter,1
409,"Sutton, Young and Flynn",1
410,"Bennett, Donovan and Robbins",1
411,Ward Ltd,1
412,Johnston-Fuller,1
413,Nelson-Schultz,1
414,Houston-Davis,1
415,Taylor LLC,1
416,"Kane, Robertson and Smith",1
417,Lopez-Johnson,1
418,Chapman-Reed,1
419,Terrell Group,1
420,"Perez, Waters and Weeks",1
421,"Gomez, Boone and Durham",1
422,Rodriguez LLC,1
423,Fuller-Hubbard,1
424,Rodriguez Ltd,1
425,"Bradley, Gomez and Todd",1
426,Owens LLC,1
427,Johnson-Harvey,1
428,"Smith, Middleton and Clarke",1
429,"Black, Rios and Miller",1
430,"Torres, Brown and Morgan",1
431,Gilmore-Morgan,1
432,Ray and Sons,1
433,"Vasquez, Kim and Black",1
434,Gray-Haynes,1
435,"Stone, Lopez and Macdonald",1
436,"Garcia, Davidson and Fitzpatrick",1
437,"Johnson, Hood and Robinson",1
438,"Bradshaw, Martin and Rivera",1
439,Gonzales-James,1
440,Sanders LLC,1
441,Lopez LLC,1
442,Smith and Sons,1
443,"Patton, Hamilton and Webb",1
444,"Lowe, Smith and Rodriguez",1
445,Dunn-Saunders,1
446,Lee LLC,1
447,"Lopez, Little and Conley",1
448,Campbell-Meyer,1
449,Hicks-Ortiz,1
450,Mata-Jackson,1
451,Obrien Inc,1
452,Hicks-Smith,1
453,Pearson-Sims,1
454,"Bailey, Evans and Smith",1
455,"Sullivan, Sanchez and Walter",1
456,"Murphy, Smith and Lopez",1
457,"Salas, Romero and Goodman",1
458,"Harris, Weiss and Morrison",1
459,"Jennings, Obrien and Cabrera",1
460,"Anderson, Martinez and Brown",1
461,Johnson-Romero,1
462,"Massey, Browning and Norman",1
463,"Porter, Mitchell and Mejia",1
464,Wilson Ltd,1
465,Paul PLC,1
466,Chavez-Mcclain,1
467,Weaver Group,1
468,Campbell Group,1
469,Francis and Sons,1
470,"Smith, Carney and Lewis",1
471,Miles Group,1
472,"Jensen, Lynch and Drake",1
473,"Mullen, Lopez and Miller",1
474,Hughes-Navarro,1
475,"Walker, Bryant and Nelson",1
476,"Mccormick, Schmidt and Wilson",1
477,"Mcdonald, Hickman and Garcia",1
478,Guzman-Bond,1
479,"Johnson, Hardy and Matthews",1
480,Riley-Bullock,1
481,Leonard and Sons,1
482,Reed-Wells,1
483,Baker PLC,1
484,Williamson-Ward,1
485,"Luna, Mosley and Wiggins",1
486,Bryant Group,1
487,Perry and Sons,1
488,"Davis, Garcia and Garcia",1
489,"Fuentes, Watson and Ramos",1
490,Barnett-Simmons,1
491,Kaufman-Cooper,1
492,"Sutton, Harrison and Cox",1
493,Griffin LLC,1
494,"Wilson, Poole and Reed",1
495,Mann-Rice,1
496,Carroll-Harding,1
497,Gonzalez Ltd,1
498,Martin and Sons,1
499,Hunt-Ray,1
500,"Evans, Marshall and Thomas",1
501,Hernandez and Sons,1
502,Sims-Sanders,1
503,Reed-Harris,1
504,Guzman-Morris,1
505,"Nelson, Cole and Smith",1
506,"Lowery, Johnson and Ramsey",1
507,Scott-Gross,1
508,Garza-Lewis,1
509,Pittman Ltd,1
510,"Wilson, Jackson and Hamilton",1
511,Anderson Ltd,1
512,Hill-Robinson,1
513,Williams Group,1
514,"Wood, Stevens and Stanton",1
515,Weeks PLC,1
516,Elliott Inc,1
517,Swanson Ltd,1
518,Hill Ltd,1
519,"Oneal, Mata and Boone",1
520,Newton-Escobar,1
521,Walker-Brown,1
522,"Garza, Hunt and Tran",1
523,Church Group,1
524,Stephens Inc,0
525,Sellers-Valentine,1
526,Quinn-Patterson,1
527,Hansen-Mathews,1
528,Thornton-Baker,1
529,Cruz and Sons,1
530,Anderson-Johnson,1
531,"Richardson, Woodward and Smith",1
532,"Meyer, Porter and Hall",1
533,Gross-Harris,1
534,"Foster, Stevens and Sullivan",1
535,"Hunt, Keller and Sims",1
536,Bradshaw-Perkins,1
537,"Cooper, Roman and Daniels",1
538,"Sanders, Jimenez and Howard",1
539,Bautista Group,1
540,Best LLC,1
541,Brown Group,1
542,"Baird, Sanders and Hensley",1
543,"Knight, Henderson and Curtis",1
544,Burns-Johnson,1
545,"Douglas, White and Garza",1
546,Middleton-Simpson,1
547,Wilcox Group,1
548,White PLC,1
549,"Flynn, Parker and Massey",1
550,"Kennedy, Fitzgerald and Henson",1
551,Harris LLC,1
552,Gonzalez-Horton,1
553,Yang and Sons,1
554,Frye Group,1
555,"Norman, Holmes and Castro",1
556,Martinez-Pearson,1
557,Carter and Sons,1
558,Foster LLC,1
559,"Kennedy, Rose and Green",1
560,"Hall, Stevens and Parks",1
561,"Bryant, Wells and Phillips",1
562,"Smith, Adams and Cooper",1
563,Cooke PLC,1
564,Hernandez Inc,1
565,Marquez-Howard,1
566,"Browning, Davis and Jones",1
567,Haynes LLC,1
568,Valdez-Bryant,1
569,Hall-Hunter,1
570,"Jefferson, Downs and Serrano",1
571,Lopez Inc,1
572,Fernandez-Snyder,1
573,"Roberts, Ramirez and Morton",1
574,"Cain, Brown and Cole",1
575,Reed LLC,0
576,"Mason, Ibarra and Stevenson",1
577,Rose Inc,1
578,"Jenkins, Fletcher and Taylor",1
579,Donovan-Walters,1
580,Elliott-Gay,1
581,Francis Ltd,1
582,Garza LLC,1
583,"Richardson, Smith and Mueller",1
584,Townsend-Bishop,1
585,Kelly and Sons,1
586,Rivera-Watson,1
587,"Hines, Frederick and Mueller",1
588,Christensen-Mills,1
589,Best Ltd,1
590,"Cantu, Johnson and Foster",1
591,"Santana, Mitchell and Torres",1
592,Macdonald-Davenport,1
593,Carter Ltd,1
594,Soto Inc,1
595,"Scott, Robertson and Andrews",1
596,Olsen Group,1
597,Barnett-Browning,1
598,Simmons-Chambers,1
599,Valdez and Sons,1
600,Ross-Moore,1
601,Moore-Shields,1
602,Lindsey and Sons,1
603,Dean Inc,1
604,Robinson-Dougherty,1
605,Elliott-Schmidt,1
606,"Cannon, Ross and Gibson",1
607,"George, Daniels and Williamson",1
608,Glenn-Stevens,1
609,Kirk-Garcia,1
610,Morales LLC,1
611,Williams and Sons,1
612,Matthews-Anthony,1
613,Rivera-Thompson,1
614,Knight-Young,1
615,Williams Inc,1
616,"Russo, Neal and Baird",1
617,Gray Inc,1
618,"Abbott, Cook and Reid",1
619,"Marks, Gonzalez and Parker",1
620,Murphy-Nunez,1
621,Trevino PLC,1
622,"Clark, Esparza and Hall",1
623,Butler-Underwood,1
624,Curtis Group,1
625,"Harrell, Park and Adams",1
626,Lester Group,1
627,Blackburn-Lewis,1
628,"Wells, Carson and Mack",1
629,"Nelson, Perez and Jones",1
630,Ballard-Williams,1
631,Wood-Ballard,1
632,Stanley-Case,1
633,Torres and Sons,1
634,Diaz Group,1
635,Taylor LLC,1
636,Shaw Group,1
637,Beck-Martin,1
638,"Gray, Ferrell and Jackson",1
639,Aguirre LLC,1
640,Chase Ltd,1
641,"Rosario, Bentley and Contreras",1
642,Black PLC,1
643,Pena-Scott,1
644,Rice LLC,1
645,Hill-Rodriguez,1
646,Nguyen-Gallegos,1
647,"Pierce, Bowen and Matthews",1
648,Bailey and Sons,1
649,"Shea, Barrett and White",1
650,Robbins LLC,1
651,"Bennett, Bennett and Garrett",1
652,"Burton, Hayden and Mcgrath",1
653,Moore-Taylor,1
654,Schwartz Group,1
655,Gallagher and Sons,1
656,Jackson-Green,1
657,"Murray, Kaiser and Clark",1
658,Turner Ltd,1
659,"Anderson, Cummings and Lee",1
660,"Anderson, Cisneros and Miller",1
661,Kelly LLC,1
662,"Brown, Brown and Harper",1
663,Edwards-Hunt,1
664,Rivera-Lambert,1
665,Davis LLC,1
666,Ramirez-Bautista,1
667,Carr-Smith,1
668,Perkins-Tran,1
669,Obrien PLC,1
670,"Steele, Reed and Ramos",1
671,Rodriguez PLC,1
672,"Simpson, White and King",1
673,Robinson-Perez,1
674,Davis-Robbins,1
675,Jenkins-Lopez,1
676,Bean-Butler,1
677,Proctor-Solis,1
678,Davis-Barton,1
679,Patel-Robinson,1
680,Mcdonald-Fuentes,1
681,"Shaw, Brown and Drake",1
682,Hale-Ward,1
683,Thompson-Murphy,0
684,"Zuniga, Miller and West",1
685,Williams Inc,1
686,Castillo-Buckley,1
687,Holmes-Bennett,1
688,Sexton Group,1
689,Allen-Miranda,1
690,Hood Group,1
691,"Reed, Galvan and Carpenter",1
692,Roth Group,1
693,Kim Inc,1
694,Martinez and Sons,1
695,Brown-Gray,1
696,Khan-Carpenter,0
697,Buchanan-Gonzalez,1
698,Walker-Silva,1
699,Schultz Ltd,1
700,Price and Sons,1
701,Smith PLC,1
702,Schultz Inc,1
703,Mckee PLC,1
704,"Smith, Gregory and Allen",1
705,Hood-Robinson,1
706,Patel-Ward,1
707,Jones and Sons,1
708,Ware Group,1
709,"Mcintyre, Welch and Anderson",1
710,Burton-Kaufman,1
711,Smith PLC,1
712,"Morgan, Richards and Adkins",1
713,Thompson-Villa,1
714,Turner-White,1
715,Collins PLC,1
716,"Porter, Malone and Nixon",1
717,Cook-Riggs,1
718,Brown-Rodriguez,1
719,"Turner, Mcclure and Walter",1
720,"Reynolds, Morrow and Nichols",1
721,"Peters, Ward and Erickson",1
722,Castillo-Raymond,1
723,Roberts and Sons,1
724,"Walters, Hayes and Pollard",1
725,"Molina, Johnson and Rodriguez",1
726,Byrd Inc,1
727,"Graves, Diaz and Rangel",1
728,"Craig, Mullins and Mcdonald",1
729,Smith PLC,1
730,Hudson-Davis,1
731,"Sullivan, Harris and Moore",1
732,"Dixon, Nielsen and Parker",1
733,Small-Hubbard,1
734,Martinez Inc,1
735,"Dickerson, Craig and Solomon",1
736,Lopez-Brady,1
737,"Walker, Wells and Brandt",1
738,"Hawkins, Trujillo and Stewart",1
739,Beard-Jones,1
740,Mullins Inc,1
741,Morrison-Tate,1
742,Stephens Inc,1
743,Nguyen-Moreno,1
744,Wells and Sons,1
745,Henderson and Sons,1
746,Love-Taylor,1
747,"Cox, Williams and Martinez",1
748,Carter Group,1
749,"Lowery, Booth and Mccoy",1
750,Anderson-Ellison,1
751,"Payne, Leblanc and Williams",1
752,"Clark, Smith and Edwards",1
753,Bowen and Sons,1
754,"George, Frost and Hunt",0
755,Yang LLC,1
756,Nielsen-Reynolds,1
757,Perez Inc,1
758,Hunt-Griffin,1
759,Miller LLC,1
760,Guerrero-Wright,1
761,Adams-Aguilar,1
762,Chase-Bryant,1
763,"Cole, Smith and Salazar",1
764,"Gay, Moore and Glenn",1
765,Jones-Jones,1
766,Phillips-Hutchinson,1
767,"Wheeler, Williams and Reeves",1
768,"Tucker, Estes and Mora",1
769,"Howard, Olsen and Jimenez",0
770,Krause-King,1
771,Mcmahon and Sons,1
772,"Burke, Espinoza and Ballard",1
773,"Brock, Morgan and Kelly",1
774,Thompson PLC,1
775,"Gilbert, Trevino and Allen",1
776,Bonilla Ltd,1
777,"Parks, Cannon and Allen",1
778,Drake Inc,1
779,Sandoval-Smith,1
780,"Knight, Stevens and White",1
781,"Dean, Guerra and Smith",1
782,Jensen LLC,1
783,Barnett LLC,1
784,Cummings LLC,1
785,Perez and Sons,1
786,Anderson and Sons,1
787,"King, Allen and Blake",1
788,Lane-Booth,1
789,Howard-Allen,1
790,"Velasquez, Merritt and Carroll",0
791,"Cross, Webb and Torres",1
792,"Wilson, Thompson and Rice",1
793,"Thompson, Nelson and White",1
794,Robertson-Serrano,1
795,"Baker, Olson and Thompson",1
796,"Trujillo, Cox and Williams",1
797,Gardner-Bartlett,1
798,"Livingston, Suarez and Taylor",1
799,Garcia PLC,1
800,Mcconnell-Reyes,1
801,Byrd-Sanchez,1
802,"Griffith, Pineda and Costa",1
803,"Cabrera, Craig and Barrera",1
804,Cordova-Hoffman,1
805,Randall Ltd,1
806,Wolf Group,1
807,Ibarra-Mcclain,1
808,Duffy Ltd,1
809,"Patterson, Grant and Zimmerman",1
810,Lynch-Campbell,1
811,"Kelly, Gonzales and Roman",1
812,Curtis Ltd,1
813,"Barron, Wallace and Higgins",1
814,"Kaiser, Smith and Gonzalez",1
815,Horton-Weiss,1
816,Smith-Burns,1
817,"Brooks, Johnson and Thompson",1
818,Mccoy Ltd,1
819,Brewer-Jackson,1
820,"Meyers, Riggs and Martinez",1
821,Stein Ltd,1
822,"Pierce, Clark and Clark",1
823,Guerrero-Young,1
824,Johnston-Daniel,1
825,Caldwell and Sons,1
826,Delacruz Group,1
827,Herrera-Bush,1
828,Golden-Taylor,1
829,Conner LLC,1
830,"Fox, Pierce and Lam",1
831,Steele Group,1
832,Thompson-Harris,1
833,"Wilson, Wood and Ross",1
834,Page LLC,1
835,"Mullins, White and Burns",1
836,Buchanan-Mcdaniel,1
837,Horn Ltd,1
838,Jones-Barnes,1
839,"Shannon, Martinez and Mcintyre",1
840,Baldwin Group,1
841,"Carpenter, Cisneros and Villanueva",1
842,Tran-Rhodes,1
843,Johnson Inc,1
844,"Price, Rice and Haynes",1
845,Woodward Group,1
846,Hill-Hunt,1
847,"Jordan, Murphy and Copeland",1
848,Jones and Sons,1
849,Lawrence LLC,1
850,Palmer LLC,1
851,"Palmer, Medina and Gonzales",1
852,"Yates, Taylor and Jackson",1
853,Chase PLC,1
854,Jackson-Davis,1
855,Schneider-Matthews,1
856,Kelley-Smith,1
857,Nichols-Perez,1
858,"Thompson, Moore and Johnson",1
859,Mcconnell-Jordan,1
860,Green-Stevenson,1
861,Carr-Mclaughlin,1
862,Barnett Ltd,1
863,"Jimenez, Stein and Dean",1
864,"Allison, Diaz and Jones",1
865,Hanna-Martinez,1
866,Mendez Ltd,1
867,Hendricks PLC,1
868,Watson Group,1
869,"Malone, Hooper and Mahoney",1
870,Sandoval Inc,1
871,"Nelson, Velez and Cardenas",1
872,Goodman-Porter,1
873,Berry Group,1
874,Hamilton Group,1
875,Long Inc,1
876,Koch Group,1
877,"Mckinney, Flores and Morrow",1
878,Bowman Group,1
879,Mcdonald Inc,1
880,"Porter, Phelps and Romero",1
881,Carroll-Jacobs,1
882,Fletcher Group,1
883,"Casey, Hernandez and Moore",1
884,"Harding, Chaney and Wilson",1
885,"Garcia, Davis and Graves",1
886,Wolf Inc,1
887,"Ward, Fisher and Gordon",1
888,Jackson Group,1
889,Parsons PLC,1
890,Gordon-Williams,1
891,Wall Group,1
892,"Fischer, Green and Doyle",1
893,"Sandoval, Myers and Davis",1
894,Crawford Ltd,0
895,Diaz LLC,1
896,"Sanford, Kelly and Mathis",1
897,Jones Ltd,1
898,Travis-Rodriguez,1
899,Lee-Baker,1
900,Gutierrez-Lee,1
901,Lewis-Ramirez,1
902,"Phillips, Hernandez and Martin",1
903,Castillo-Rodriguez,1
904,Villa Ltd,1
905,Hamilton PLC,1
906,Lyons-Castro,1
907,"Arias, Patel and Miller",1
908,"Lewis, Hicks and Reynolds",1
909,"Anderson, Stokes and Riley",1
910,Bentley-Mueller,1
911,"Tanner, Peterson and White",1
912,"Lee, Lawrence and Pineda",1
913,Hart LLC,1
914,"Haley, Clark and Gonzales",1
915,"Anderson, Moss and Zamora",1
916,"Jenkins, Moore and Stevenson",1
917,Cooper Inc,1
918,"Montes, Fields and Miller",1
919,Gonzalez Group,1
920,Howard Inc,1
921,Chavez Group,1
922,Evans-Delgado,1
923,"Johnson, Lopez and Lopez",1
924,"Gardner, Mccarthy and Erickson",1
925,"Lambert, Castro and Wells",1
926,Williams and Sons,1
927,"Rodriguez, Ramirez and Ruiz",1
928,Arnold LLC,1
929,Jones-Cochran,1
930,"Mitchell, Sparks and Mcmahon",1
931,Bates-Russell,1
932,Wood-Daniel,1
933,Chase-Anderson,1
934,Mejia Inc,1
935,Jacobson Ltd,1
936,"Cunningham, Morris and Robinson",1
937,Johnson LLC,1
938,Carpenter Group,1
939,"Anderson, Marshall and Richardson",1
940,Dyer Group,1
941,Bartlett PLC,1
942,Kelley-Cabrera,1
943,Brewer LLC,1
944,Warner-Davis,1
945,Wright Ltd,1
946,Drake-Vasquez,1
947,Bush-Mitchell,1
948,"Reese, Perry and Carroll",1
949,Barnes and Sons,1
950,Everett-Brown,1
951,Lawson and Sons,0
952,Boyd Inc,1
953,"Hill, Simmons and Smith",1
954,Taylor-Winters,1
955,"Gardner, Lowe and Cantrell",1
956,Terry-Lee,1
957,Cain Ltd,1
958,Davis-Stephens,1
959,Bailey and Sons,1
960,"Martinez, Myers and Andrade",1
961,"Sandoval, Walker and Francis",1
962,Quinn-Oconnor,1
963,"Brown, Russell and Chaney",1
964,Sanders PLC,1
965,Cooper-Moss,1
966,"Collier, Lowery and Peters",1
967,Becker-Austin,1
968,Nelson-Morgan,1
969,Diaz-Valencia,1
970,"White, James and Fowler",1
971,Bender and Sons,1
972,"Cole, Davis and Villa",1
973,Miller and Sons,1
974,"Frye, Lopez and Carney",1
975,Christensen Ltd,1
976,Manning Inc,1
977,Johnson PLC,1
978,"Becker, Ray and Warren",1
979,Hale Group,1
980,Woods-Acosta,1
981,Wood-Martinez,1
982,Jones-Ramos,1
983,Garcia and Sons,1
984,Williams LLC,1
985,"Conner, Jefferson and Peck",1
986,Mercado-Aguilar,1
987,"Tanner, Zamora and Mcdaniel",1
988,Murray Inc,1
989,"Diaz, Smith and Chen",1
990,"Hale, Morales and Williams",1
991,Weber Ltd,1
992,Cooper-Rivera,1
993,Montgomery-Sanders,1
994,Lyons-Farley,1
995,"Harris, Robinson and Walsh",1
996,"Robbins, White and Anderson",1
997,"Fowler, Thomas and Rodriguez",1
998,"Jennings, Nelson and Wilson",1
999,Miller LLC,1
1000,Herring-Johnson,1
